ts	phase	decision	why	evidence	result
2026-09-30T14:10:08Z	inventory	Convert first-party executable scripts and update all callers	User authorized repository and shared skill migrations	git ls-files; plans/typescript-scripts-migration.md	69 operational script files plus editor benchmarks identified
2026-09-30T14:10:08Z	skills	Preserve two Codex-managed JS helpers	Personal skill helpers already use TypeScript; managed payloads have a system marker	/home/shaul/.agents/skills/.system/.codex-system-skills.marker	Global personal migration complete with zero edits
2026-09-30T14:10:08Z	dependencies	Install frozen dependencies offline with a node_modules symlink to /work	This checkout lacked dependencies; package payloads belong on the workload SSD	node_modules; /work/cache/platform-worktrees/t3code-fb3e6cf6/node_modules	1074 packages installed successfully
2026-09-30T15:14:47Z	runtime	Emit copied CLI fixtures as self-contained JavaScript	Node cannot strip TypeScript from extensionless or .mjs fixture executables	/work/tmp/platform-native-bundle-probe.txt; scripts/agent/native-fixtures.test.ts	33 fixture tests and seven real Node CLI probes pass
2026-09-30T15:14:47Z	verification	Verify all migrated repository script tests	Renamed entry points and protocol fixtures must preserve actual behavior	/work/tmp/platform-typescript-script-tests.log	52 files and 305 tests passed
2026-09-30T15:14:47Z	browser	Run migrated browser doctor and inspect its screenshot	Verify the main automation entry executes and the app renders	/work/tmp/fregat-evidence/20260930T145741Z-look-1440x1000/page.png; /work/tmp/platform-typescript-doctor.log	Ready yes; health ok; no problems; screenshot inspected
2026-09-30T15:14:47Z	benchmark	Extract browser-independent cache identities and keys with all callers	Bun benchmark imports traversed browser state and failed with window undefined	apps/web/src/lib/workspace-cache-keys.ts; apps/web/src/lib/workspace-location.ts; /work/tmp/platform-typescript-cache-tests.log	Benchmark option smoke and 79 cache/ownership tests pass
2026-09-30T15:14:47Z	gates	Remove newly visible duplicate script code using shared helpers	TypeScript migration makes old JavaScript enter existing duplicate checks	/work/tmp/platform-typescript-dupes.log; apps/web/scripts/bench-workspace.ts; apps/web/scripts/chat-proof-browser.ts	29 groups reduced to six; remaining owned by active lanes
2026-09-30T15:14:47Z	legacy	Record existing chat proof limitations separately from migration checks	Historical proof selectors and server-only test fixtures have drifted	/work/tmp/platform-typescript-chat-scroll.log; /work/tmp/platform-typescript-chat-proof.log	Scroll proof bundles and renders then stale selector times out; review proof imports AsyncLocalStorage into browser
2026-09-30T15:32:28Z	audit	Preserve historical captures and append-only decision rows	Independent review caught path substitutions invalidating recorded fingerprints	plans/typescript-scripts-review.md; editor/docs/performance/e032-browser-build-proof.json	All eight historical files match HEAD; fingerprint recomputes correctly; GPT-6 Astra reports no new runtime flags
2026-09-30T15:32:28Z	dependencies	Declare stress Bun and Node type dependencies	Strict checks must reproduce from a normal install without ad hoc type symlinks	editor/examples/stress/package.json; bun.lock; /work/tmp/platform-typescript-install.log	Dependencies and lockfile updated through Bun; frozen offline install and strict check verified
2026-09-30T15:33:28Z	verification	Complete strict checking and tooling behavior checks	All converted entry points and consumer compilation contexts must be covered	/work/tmp/platform-typescript-typecheck.log; /work/tmp/platform-typescript-gates.log; /work/tmp/platform-typescript-format.log; /work/tmp/stress-typescript-final-tests.log	Full workspace types, gates, lint, format and generated checks pass; script305 and stress245 tests pass; cache79 tests pass
